<?xml version="1.0"?>
<project> 
  <extend>../xdocs/maven/project-base.xml</extend>
  <name>Commons Pool</name>
  <id>commons-pool</id>
  <logo>/images/pool-logo-blue.jpg</logo>
  <url>http://jakarta.apache.org/commons/pool/</url>
  <inceptionYear>2001</inceptionYear>
  <shortDescription>Commons Object Pooling Library</shortDescription>
  <description>Commons Object Pooling Library</description>

  <currentVersion>1.1</currentVersion>
  <versions>
    <version>
      <id>1.0</id>
      <name>1.0</name>
      <tag>POOL_1_0</tag>
    </version>
    <version>
      <id>1.0.1</id>
      <name>1.0.1</name>
      <tag>POOL_1_0_1</tag>
    </version>
    <version>
      <id>1.1</id>
      <name>1.1</name>
      <tag>POOL_1_1</tag>
    </version>
  </versions>
  <branches>
  </branches>

  <developers>
    <developer>
      <name>Morgan Delagrange</name>
      <id>morgand</id>
      <email></email>
      <organization></organization>
    </developer>
    <developer>
      <name>Geir Magnusson</name>
      <id>geirm</id>
      <email></email>
      <organization></organization>
    </developer>
    <developer>
      <name>Craig McClanahan</name>
      <id>craigmcc</id>
      <email></email>
      <organization></organization>
    </developer>
    <developer>
      <name>Rodney Waldhoff</name>
      <id>rwaldhoff</id>
      <email></email>
      <organization></organization>
    </developer>
    <developer>
      <name>David Weinrich</name>
      <id>dweinr1</id>
      <email></email>
      <organization></organization>
    </developer>
    <developer>
      <name>Dirk Verbeeck</name>
      <id>dirkv</id>
      <email></email>
      <organization></organization>
    </developer>
  </developers>
  
  <dependencies>
    <dependency>
      <id>commons-collections</id>
      <version>2.1</version>
    </dependency>

    <dependency>
      <id>junit</id>
      <version>3.8.1</version>
    </dependency>

    <!-- these two are required by maven -->
    <dependency><id>xml-apis</id><version>2.0.2</version></dependency>
    <dependency><id>xerces</id><version>2.0.2</version></dependency>
    <!-- /these two are required by maven -->

  </dependencies>

  <build>
    <unitTest>
      <includes>
        <include>org/apache/commons/pool/TestAll.java</include>
      </includes>
    </unitTest>
  </build>
</project>

